id;name;counter;created;updated
1;underneath quirkily;20896;2023-12-17T23:22:57;2023-12-18T01:43:17
2;as french er;9836;2023-12-18T00:15:38;2023-12-18T10:58:26
3;for;28403;2023-12-17T16:24:15;2023-12-18T03:44:23
4;char;14836;2023-12-18T10:46:40;2023-12-18T11:24:27
5;bah underperform sword;23379;2023-12-17T18:08:27;2023-12-18T06:04:23
6;lively randomise;21;2023-12-17T15:33:49;2023-12-18T02:42:53
7;before meanwhile;5041;2023-12-17T13:46:25;2023-12-17T15:28:24
8;yahoo;15485;2023-12-17T17:39:02;2023-12-17T23:12:13
9;sauerkraut;20959;2023-12-17T18:37:22;2023-12-18T12:09:19
10;growling;28146;2023-12-18T05:18:14;2023-12-17T16:38:53
